<?xml version='1.0' encoding='utf-8'?>
<!DOCTYPE hibernate-mapping PUBLIC
    "-//Hibernate/Hibernate Mapping DTD 3.0//EN"
    "http://www.hibernate.org/dtd/hibernate-mapping-3.0.dtd">
<hibernate-mapping>

    <class name="com.hjh.model.entity.Customer" table="customer" schema="tourism">
        <id name="customerId" column="customerId"/>
        <property name="accout" column="accout"/>
        <property name="name" column="name"/>
        <property name="password" column="password"/>
        <property name="gender" column="gender"/>
        <property name="identityid" column="identityid"/>
        <property name="tel" column="tel"/>
        <property name="type" column="type"/>
        <set name="carSet">
            <key>
                <column name="customerid"/>
            </key>
            <one-to-many class="com.hjh.model.entity.Customer"/>
        </set>
    </class>
</hibernate-mapping>