<?xml version='1.0' encoding='utf-8'?>
<!DOCTYPE hibernate-mapping PUBLIC
    "-//Hibernate/Hibernate Mapping DTD 3.0//EN"
    "http://www.hibernate.org/dtd/hibernate-mapping-3.0.dtd">
<hibernate-mapping>

    <class name="com.hjh.model.entity.Linetype" table="linetype" schema="tourism">
        <id name="lineTypeid" column="lineTypeid"/>
        <property name="typeName" column="typeName"/>
        <property name="time" column="time"/>
        <property name="iocn"  column="iocn"/>
        <set name="lineSet" inverse="true" cascade="all" lazy="false">
            <key>
                <column name="lineid" />
            </key>
            <one-to-many class="com.hjh.model.entity.Line"/>
        </set>
    </class>
</hibernate-mapping>