<?xml version='1.0' encoding='utf-8'?>
<!DOCTYPE hibernate-mapping PUBLIC
    "-//Hibernate/Hibernate Mapping DTD 3.0//EN"
    "http://www.hibernate.org/dtd/hibernate-mapping-3.0.dtd">
<hibernate-mapping>

    <class name="com.hjh.model.entity.Line" table="line" schema="tourism">
        <id name="lineid" column="lineid"/>
        <property name="lineTypeid" column="lineTypeid" insert="false" update="false"/>
        <property name="lineName" column="lineName"/>
        <property name="days" column="days"/>
        <property name="vehicle" column="vehicle"/>
        <property name="introduction" column="introduction"/>
        <property name="reason" column="reason"/>
        <property name="arrange" column="arrange"/>
        <property name="price" column="price"/>
        <property name="teambuy" column="teambuy"/>
        <property name="teambuyprice" column="teambuyprice"/>
        <property name="begintime" column="begintime"/>
        <property name="endtime" column="endtime"/>
        <property name="ontime" column="ontime"/>
        <many-to-one name="linetype" column="lineTypeid" class="com.hjh.model.entity.Linetype" cascade="all" lazy="false"/>
        <set name="pictureSet" inverse="true" lazy="false" cascade="all">
            <key>
                <column name="picetureid"/>
            </key>
            <one-to-many class="com.hjh.model.entity.Picture"/>
        </set>
        <set name="carSet">
            <key>
                <column name="lineid"/>
            </key>
            <one-to-many class="com.hjh.model.entity.Car"/>
        </set>
    </class>
</hibernate-mapping>