<?xml version='1.0' encoding='utf-8'?>
<!DOCTYPE hibernate-mapping PUBLIC
    "-//Hibernate/Hibernate Mapping DTD 3.0//EN"
    "http://www.hibernate.org/dtd/hibernate-mapping-3.0.dtd">
<hibernate-mapping>

    <class name="com.hjh.model.entity.Orderdetail" table="orderdetail" schema="tourism">
        <id name="odid" column="odid"/>
        <property name="lineName" column="lineName"/>
        <property name="price" column="price"/>
        <property name="orderdate" column="orderdate"/>
        <property name="traveldate" column="traveldate"/>
        <property name="total" column="total"/>
        <property name="state" column="state"/>
    </class>
</hibernate-mapping>