<?xml version='1.0' encoding='utf-8'?>
<!DOCTYPE hibernate-mapping PUBLIC
    "-//Hibernate/Hibernate Mapping DTD 3.0//EN"
    "http://www.hibernate.org/dtd/hibernate-mapping-3.0.dtd">
<hibernate-mapping>

    <class name="com.hjh.model.entity.Picture" table="picture" schema="tourism">
        <id name="picetureid" column="picetureid" >
            <generator class="increment"/>
        </id>
        <property name="introduction" column="introduction"/>
        <property name="name" column="name"/>
        <many-to-one name="line" column="lineid" class="com.hjh.model.entity.Line" cascade="all" lazy="false"/>
    </class>
</hibernate-mapping>