<?xml version='1.0' encoding='utf-8'?>
<!DOCTYPE hibernate-configuration PUBLIC
    "-//Hibernate/Hibernate Configuration DTD//EN"
    "http://www.hibernate.org/dtd/hibernate-configuration-3.0.dtd">
<hibernate-configuration>
  <session-factory>
    <property name="connection.url">jdbc:mysql://localhost:3306/tourism</property>
    <property name="connection.driver_class">com.mysql.jdbc.Driver</property>
      <mapping resource="xml/Car.hbm.xml"/>
      <mapping resource="xml/Customer.hbm.xml"/>
      <mapping resource="xml/Line.hbm.xml"/>
      <mapping resource="xml/Linetype.hbm.xml"/>
      <mapping resource="xml/Orderdetail.hbm.xml"/>
      <mapping resource="xml/Picture.hbm.xml"/>
      <mapping resource="xml/Tourist.hbm.xml"/>
      <!-- <property name="connection.username"/> -->
    <!-- <property name="connection.password"/> -->

    <!-- DB schema will be updated if needed -->
    <!-- <property name="hbm2ddl.auto">update</property> -->
  </session-factory>
</hibernate-configuration>