<?xml version="1.0" encoding="UTF-8"?>
<beans xmlns="http://www.springframework.org/schema/beans"
       xmlns:xsi="http://www.w3.org/2001/XMLSchema-instance"
       xmlns:context="http://www.springframework.org/schema/context"
       xmlns:aop="http://www.springframework.org/schema/aop"
       xmlns:tx="http://www.springframework.org/schema/tx"
       xsi:schemaLocation="
        http://www.springframework.org/schema/beans
        http://www.springframework.org/schema/beans/spring-beans.xsd
        http://www.springframework.org/schema/context
        http://www.springframework.org/schema/context/spring-context.xsd
        http://www.springframework.org/schema/aop
        http://www.springframework.org/schema/aop/spring-aop.xsd
        http://www.springframework.org/schema/tx
        http://www.springframework.org/schema/tx/spring-tx.xsd">
    <!-- 打开spring的annotation的支持 -->
    <context:annotation-config/>

    <!--对me.demo下所有类文件进行扫描-->
    <context:component-scan base-package="com.tourism.*"/>

    <!--c3p0连接池配置-->
    <bean id="dataSource" class="com.mchange.v2.c3p0.ComboPooledDataSource">
        <property name="jdbcUrl" value="jdbc:mysql://localhost:3306/tourism"/>
        <property name="driverClass" value="com.mysql.jdbc.Driver"/>
        <property name="user" value="root"/>
        <property name="password" value="990709"/>
    </bean>
    <!--sessionFactory配置 可以省略hibernate.cfg.xml配置文件-->
    <!--使用jpa注解形式的pojo对象，而去掉*.hbm.xml的Hibernate映射文件-->
    <bean id="sessionFactory" class="org.springframework.orm.hibernate5.LocalSessionFactoryBean">
        <!--配置数据源-->
        <property name="dataSource" ref="dataSource"/>
        <!-- 设置spring去哪个包中查找相应的实体类 -->
        <property name="packagesToScan">
            <list>
                <value>com.tourism.model.entity</value>
            </list>
        </property>
        <property name="hibernateProperties">
            <props>
                <prop key="hibernate.show_sql">true</prop>
                <prop key="hibernate.format_sql">true</prop>
                <!--是否自动创建表结构-->
                <prop key="hibernate.hbm2ddl.auto">update</prop>
                <!--方言-->
                <prop key="hibernate.dialect">org.hibernate.dialect.MySQL5Dialect</prop>

                <prop key="hibernate.current_session_context_class">
                    org.springframework.orm.hibernate5.SpringSessionContext
                </prop>

            </props>

        </property>
        <property name="mappingResources">
            <list>
                <value>Car.hbm.xml</value>
                <value>Customer.hbm.xml</value>
                <value>Line.hbm.xml</value>
                <value>Linetype.hbm.xml</value>
                <value>Orderdetail.hbm.xml</value>
                <value>Picture.hbm.xml</value>
                <value>Tourist.hbm.xml</value>
            </list>
        </property>
        <!--自动扫描注解方式的hibernate类文件-->

    </bean>


    <!--事务管理器-->
    <bean id="transactionManager" class="org.springframework.orm.hibernate5.HibernateTransactionManager">
        <property name="sessionFactory" ref="sessionFactory"/>
    </bean>

    <tx:annotation-driven transaction-manager="transactionManager"/>

</beans>