<?xml version='1.0' encoding='utf-8'?>
<!DOCTYPE hibernate-mapping PUBLIC
    "-//Hibernate/Hibernate Mapping DTD 3.0//EN"
    "http://www.hibernate.org/dtd/hibernate-mapping-3.0.dtd">
<hibernate-mapping>

    <class name="com.tourism.model.entity.Orderdetail" table="orderdetail" schema="tourism">
        <id name="odId" column="odId"/>
        <property name="lineName" column="lineName"/>
        <property name="price" column="price"/>
        <property name="orderDate" column="orderDate"/>
        <property name="travelDate" column="travelDate"/>
        <property name="total" column="total"/>
        <property name="state" column="state"/>
        <many-to-one name="line" column="lineId" class="com.tourism.model.entity.Line" lazy="false" cascade="all"/>
        <many-to-one name="customer" column="customerId" class="com.tourism.model.entity.Customer" lazy="false" cascade="all"/>
        <set name="touristSet" lazy="false" cascade="all" inverse="true">
            <key column="odId" />
            <one-to-many class="com.tourism.model.entity.Tourist"/>
        </set>
    </class>
</hibernate-mapping>