<?xml version='1.0' encoding='utf-8'?>
<!DOCTYPE hibernate-mapping PUBLIC
    "-//Hibernate/Hibernate Mapping DTD 3.0//EN"
    "http://www.hibernate.org/dtd/hibernate-mapping-3.0.dtd">
<hibernate-mapping>

    <class name="com.hgkj.model.entity.Linetype" table="linetype" schema="lvyou">
        <id name="lineTypeId">
        </id>
        <property name="typeName" column="typeName"/>
        <property name="time" column="time"/>
        <property name="icon" column="icon"/>
        <set name="lineSet" cascade="all" lazy="true" inverse="true">
            <key column="lineTypeID"></key>
            <one-to-many class="com.hgkj.model.entity.Line"></one-to-many>
        </set>
    </class>
</hibernate-mapping>