<?xml version="1.0" encoding="UTF-8"?>

<!DOCTYPE struts PUBLIC
        "-//Apache Software Foundation//DTD Struts Configuration 2.5//EN"
        "http://struts.apache.org/dtds/struts-2.5.dtd">

<struts>
    <!--<constant name="struts.enable.DynamicMethodInvocation" value="true"/>
    <constant name="struts.devMode" value="false"></constant>
    <package name="computer" extends="struts-default" namespace="/">
    <action name="allComputer" class="computerAction" method="allComputer">
        <result name="all"  type="redirect">show.jsp</result>
        <allowed-methods>regex:.*</allowed-methods>
    </action>
    </package>-->
    <package name="Upload" namespace="/upload" extends="struts-default">
        <action name="UploadAction_*" class="com.hgkj.controler.action.UploadAction"
                method="{1}">
            <param name="fileUpload.allowedExtensions">jpg,png,bmp</param>
            <result name="input"></result>
        </action>
    </package>
</struts>