<?xml version='1.0' encoding='utf-8'?>
<!DOCTYPE hibernate-mapping PUBLIC
    "-//Hibernate/Hibernate Mapping DTD 3.0//EN"
    "http://www.hibernate.org/dtd/hibernate-mapping-3.0.dtd">
<hibernate-mapping>

    <class name="com.hgkj.model.entity.Linetype" table="linetype" schema="travelnetwork">
        <id name="lineTypeId" column="lineTypeId">
            <generator class="native"/>
        </id>
        <property name="typeName" column="typeName"/>
        <property name="icon" column="icon"/>
        <property name="show" column="show"/>
    </class>
</hibernate-mapping>