<?xml version='1.0' encoding='utf-8'?>
<!DOCTYPE hibernate-mapping PUBLIC
    "-//Hibernate/Hibernate Mapping DTD 3.0//EN"
    "http://www.hibernate.org/dtd/hibernate-mapping-3.0.dtd">
<hibernate-mapping>

    <class name="com.hgkj.model.entity.Picture" table="picture" schema="travelnetwork">
        <id name="pictureId" column="pictureId">
            <generator class="native"/>
        </id>
        <property name="introduction" column="introduction"/>
        <property name="name" column="name"/>
        <property name="lineId" column="lineId"/>

    </class>
</hibernate-mapping>