<?xml version='1.0' encoding='utf-8'?>
<!DOCTYPE hibernate-mapping PUBLIC
    "-//Hibernate/Hibernate Mapping DTD 3.0//EN"
    "http://www.hibernate.org/dtd/hibernate-mapping-3.0.dtd">
<hibernate-mapping>

    <class name="com.mqy.model.entity.Car" table="car" schema="travel">
        <id name="carId" column="carId">
            <generator class="native"/>
        </id>
        <property name="time" column="time"/>

        <!--控制与Customer表连接的外键-->
        <many-to-one name="customer"
                     column="customerId"
                     class="com.mqy.model.entity.Customer"
                     not-null="false"
                     cascade="save-update"
                     lazy="false"
        />
        
        <!--控制与Line表连接的外键-->
        <many-to-one name="line"
                     column="lineId"
                     class="com.mqy.model.entity.Line"
                     not-null="false"
                     cascade="save-update"
                     lazy="false"
        />
    </class>
</hibernate-mapping>