<?xml version='1.0' encoding='utf-8'?>
<!DOCTYPE hibernate-mapping PUBLIC
    "-//Hibernate/Hibernate Mapping DTD 3.0//EN"
    "http://www.hibernate.org/dtd/hibernate-mapping-3.0.dtd">
<hibernate-mapping>

    <class name="com.mqy.model.entity.Customer" table="customer" schema="travel">
        <id name="customerId" column="customerId">
            <generator class="native"/>
        </id>
        <property name="account" column="account"/>
        <property name="name" column="name"/>
        <property name="password" column="password"/>
        <property name="gender" column="gender"/>
        <property name="identityId" column="identityId"/>
        <property name="tel" column="tel"/>
        <property name="type" column="type"/>

        <!--控制与Car表连接的外键-->
        <set name="carSet" cascade="all" inverse="true">
            <key column="customerId"/>
            <one-to-many class="com.mqy.model.entity.Car"/>
        </set>

        <!--控制与Orderdetail表连接的外键-->
        <set name="orderdetailSet" cascade="all" inverse="true">
            <key column="customerId"/>
            <one-to-many class="com.mqy.model.entity.Orderdetail"/>
        </set>
    </class>
</hibernate-mapping>