<?xml version='1.0' encoding='utf-8'?>
<!DOCTYPE hibernate-mapping PUBLIC
    "-//Hibernate/Hibernate Mapping DTD 3.0//EN"
    "http://www.hibernate.org/dtd/hibernate-mapping-3.0.dtd">
<hibernate-mapping>

    <class name="com.mqy.model.entity.Linetype" table="linetype" schema="travel">
        <id name="lineTypeId" column="lineTypeId"/>
        <property name="typeName" column="typeName"/>
        <property name="time" column="time"/>
        <property name="icon" column="icon"/>

        <!--控制与Line表之间的外键-->
        <set name="lineSet" inverse="true" cascade="all">
            <key column="lineTypeId"/>
            <one-to-many class="com.mqy.model.entity.Line"/>
        </set>
    </class>
</hibernate-mapping>