<?xml version='1.0' encoding='utf-8'?>
<!DOCTYPE hibernate-mapping PUBLIC
    "-//Hibernate/Hibernate Mapping DTD 3.0//EN"
    "http://www.hibernate.org/dtd/hibernate-mapping-3.0.dtd">
<hibernate-mapping>

    <class name="com.mqy.model.entity.Line" table="line" schema="travel">
        <id name="lineId" column="lineId"/>
        <property name="lineName" column="lineName"/>
        <property name="days" column="days"/>
        <property name="vehicle" column="vehicle"/>
        <property name="introduction" column="introduction"/>
        <property name="reason" column="reason"/>
        <property name="arrange" column="arrange"/>
        <property name="price" column="price"/>
        <property name="teamBuy" column="teamBuy"/>
        <property name="teamBuyPrice" column="teamBuyPrice"/>
        <property name="beginTime" column="beginTime"/>
        <property name="endTime" column="endTime"/>
        <property name="onTime" column="onTime"/>

        <!--控制与Linetype表之间的外键-->
        <many-to-one name="linetype"
                     column="lineTypeId"
                     class="com.mqy.model.entity.Linetype"
                     not-null="true"
                     cascade="all"
                     lazy="false"
        />

        <!--控制与Picture表相连的外键-->
        <set name="pictureSet" cascade="all" inverse="true">
            <key column="lineId"/>
            <one-to-many class="com.mqy.model.entity.Picture"/>
        </set>

        <!--控制与Car表连接的外键-->
        <set name="carSet2" cascade="all" inverse="true">
            <key column="lineId"/>
            <one-to-many class="com.mqy.model.entity.Car"/>
        </set>
    </class>
</hibernate-mapping>