<?xml version='1.0' encoding='utf-8'?>
<!DOCTYPE hibernate-mapping PUBLIC
    "-//Hibernate/Hibernate Mapping DTD 3.0//EN"
    "http://www.hibernate.org/dtd/hibernate-mapping-3.0.dtd">
<hibernate-mapping>

    <class name="com.mqy.model.entity.Orderdetail" table="orderdetail" schema="travel">
        <id name="odId" column="odId"/>
        <property name="lineName" column="lineName"/>
        <property name="price" column="price"/>
        <property name="orderDate" column="orderDate"/>
        <property name="travelDate" column="travelDate"/>
        <property name="total" column="total"/>
        <property name="state" column="state"/>

        <!--控制与OtDetail表连接的外键-->
        <set name="otDetailSet" cascade="all" inverse="true">
            <key column="odId"/>
            <one-to-many class="com.mqy.model.entity.OtDetail"/>
        </set>

        <!--控制与Customer表连接的外键-->
        <many-to-one name="customer"
                     column="customerId"
                     class="com.mqy.model.entity.Customer"
                     not-null="true"
                     cascade="all"
                     lazy="false"
        />

        <!--控制与Line表连接的外键-->
        <many-to-one name="line"
                     column="lineId"
                     class="com.mqy.model.entity.Line"
                     not-null="true"
                     cascade="all"
                     lazy="false"
        />
    </class>
</hibernate-mapping>