<?xml version='1.0' encoding='utf-8'?>
<!DOCTYPE hibernate-mapping PUBLIC
    "-//Hibernate/Hibernate Mapping DTD 3.0//EN"
    "http://www.hibernate.org/dtd/hibernate-mapping-3.0.dtd">
<hibernate-mapping>

    <class name="com.mqy.model.entity.Picture" table="picture" schema="travel">
        <id name="pictureId" column="pictureId">
            <generator class="native"/>
        </id>
        <property name="introduction" column="introduction"/>
        <property name="name" column="name"/>

        <!--控制与Line表连接的外键-->
        <many-to-one name="line"
                     column="lineId"
                     class="com.mqy.model.entity.Line"
                     not-null="true"
                     cascade="all"
                     lazy="false"
        />
    </class>
</hibernate-mapping>