<?xml version='1.0' encoding='utf-8'?>
<!DOCTYPE hibernate-mapping PUBLIC
    "-//Hibernate/Hibernate Mapping DTD 3.0//EN"
    "http://www.hibernate.org/dtd/hibernate-mapping-3.0.dtd">
<hibernate-mapping>

    <class name="com.hgkj.model.entity.AttendanceLog" table="attendance_log" schema="wagemanagement">
        <id name="attenlogId" column="attenlog_Id"/>
        <!--<property name="staffId" column="staff_Id"/>-->
        <!--<property name="attId" column="att_Id"/>-->
        <property name="attlogCount" column="attlog_Count"/>
        <property name="attlogTime" column="attlog_Time"/>

        <many-to-one name="attendance" column="att_Id" class="com.hgkj.model.entity.Attendance" not-null="false" lazy="false"/>
        <many-to-one name="staff" column="staff_Id" class="com.hgkj.model.entity.Staff" not-null="false" lazy="false"/>
    </class>
</hibernate-mapping>