<?xml version='1.0' encoding='utf-8'?>
<!DOCTYPE hibernate-mapping PUBLIC
    "-//Hibernate/Hibernate Mapping DTD 3.0//EN"
    "http://www.hibernate.org/dtd/hibernate-mapping-3.0.dtd">
<hibernate-mapping>

    <class name="com.hgkj.model.entity.RewardLog" table="reward_log" schema="wagemanagement">
        <id name="rewlogId" column="rewlog_Id"/>
        <!--<property name="staffId" column="staff_Id"/>-->
        <!--<property name="rewId" column="rew_Id"/>-->
        <property name="rewPrice" column="rew_price"/>
        <property name="rewlogTime" column="rewlog_Time"/>
        <many-to-one name="staff"
                     column="staff_Id"
                     class="com.hgkj.model.entity.Staff"
                     not-null="false"
                     lazy="false"/>
        <many-to-one name="reward"
                     column="rew_Id"
                     class="com.hgkj.model.entity.Reward"
                     not-null="false"
                     lazy="false"/>
    </class>
</hibernate-mapping>