<?xml version='1.0' encoding='utf-8'?>
<!DOCTYPE hibernate-mapping PUBLIC
    "-//Hibernate/Hibernate Mapping DTD 3.0//EN"
    "http://www.hibernate.org/dtd/hibernate-mapping-3.0.dtd">
<hibernate-mapping>

    <class name="com.hgkj.model.entity.Staff" table="staff" schema="wagemanagement">
        <id name="staffId" column="staffId"/>
        <property name="staffName" column="staffName"/>
        <property name="staffPwd" column="staffPwd"/>
        <property name="staffSex" column="staffSex"/>
        <property name="staffAddress" column="staffAddress"/>
        <property name="staffTel" column="staffTel"/>
        <property name="staffEmail" column="staffEmail"/>
        <property name="staffState" column="staffState"/>

        <many-to-one name="department" column="dep_Id" class="com.hgkj.model.entity.Department" not-null="false" lazy="false"/>
        <many-to-one name="level" column="level_Id" class="com.hgkj.model.entity.Level" not-null="false" lazy="false"/>
        <many-to-one name="role" column="roles_Id" class="com.hgkj.model.entity.Role" not-null="false" lazy="false"/>
        <many-to-one name="shop" column="shop_Id" class="com.hgkj.model.entity.Shop" not-null="false" lazy="false"/>
    </class>
</hibernate-mapping>