<?xml version='1.0' encoding='utf-8'?>
<!DOCTYPE hibernate-configuration PUBLIC
    "-//Hibernate/Hibernate Configuration DTD//EN"
    "http://www.hibernate.org/dtd/hibernate-configuration-3.0.dtd">
<hibernate-configuration>
  <session-factory>
      <property name="hibernate.connection.driver_class">com.mysql.jdbc.Driver</property>
    <property name="hibernate.connection.url">jdbc:mysql://localhost:3306/tour</property>
    <property name="dialect">org.hibernate.dialect.MySQL5Dialect</property>
    <property name="show_sql">true</property>
    <property name="format_sql">true</property>
      <mapping resource="xml/Car.hbm.xml"/>
    <mapping resource="xml/Customer.hbm.xml"/>
    <mapping resource="xml/Line.hbm.xml"/>
    <mapping resource="xml/Linetype.hbm.xml"/>
    <mapping resource="xml/Orderdetail.hbm.xml"/>
    <mapping resource="xml/OtDetail.hbm.xml"/>
    <mapping resource="xml/Picture.hbm.xml"/>
    <mapping resource="xml/Tourist.hbm.xml"/>
      <mapping resource="xml/Car.hbm.xml"/>
      <mapping resource="xml/Customer.hbm.xml"/>
      <mapping resource="xml/Line.hbm.xml"/>
      <mapping resource="xml/Linetype.hbm.xml"/>
      <mapping resource="xml/Orderdetail.hbm.xml"/>
      <mapping resource="xml/OtDetail.hbm.xml"/>
      <mapping resource="xml/Picture.hbm.xml"/>
      <mapping resource="xml/Tourist.hbm.xml"/>
      <mapping resource="xml/Images.hbm.xml"/>
  </session-factory>
</hibernate-configuration>