<?xml version='1.0' encoding='utf-8'?>
<!DOCTYPE hibernate-mapping PUBLIC
    "-//Hibernate/Hibernate Mapping DTD 3.0//EN"
    "http://www.hibernate.org/dtd/hibernate-mapping-3.0.dtd">
<hibernate-mapping>

    <class name="com.hgkj.model.entity.Car" table="car" schema="travelnetwork">
        <id name="carId" column="carID"/>
        <property name="time" column="time"/>
        <property name="customerId" column="customerID"/>
        <property name="lineId" column="lineID"/>
        <!--<many-to-one name="line"
                     column="lineID"
                     class="com.hgkj.model.entity.Line"
                     not-null="false"
                     lazy="false"
        />
        <many-to-one name="customer"
                     column="customerID"
                     class="com.hgkj.model.entity.Customer"
                     not-null="false"
                     lazy="false"
        />-->
    </class>
</hibernate-mapping>