<?xml version='1.0' encoding='utf-8'?>
<!DOCTYPE hibernate-mapping PUBLIC
    "-//Hibernate/Hibernate Mapping DTD 3.0//EN"
    "http://www.hibernate.org/dtd/hibernate-mapping-3.0.dtd">
<hibernate-mapping>

    <class name="com.hgkj.model.entity.Linetype" table="linetype" schema="tour">
        <id name="lineTypeID" column="lineTypeID">
            <generator class="native"/>
        </id>
        <property name="typeName" column="typeName"/>
        <property name="time" column="time"/>
        <property name="icon" column="icon"/>
        <set name="lineSet"
             lazy="false"
             cascade="all"
             inverse="true">
            <key column="lineTypeID"/>
            <one-to-many class="com.hgkj.model.entity.Line"/>
        </set>
    </class>
</hibernate-mapping>