<?xml version='1.0' encoding='utf-8'?>
<!DOCTYPE hibernate-mapping PUBLIC
    "-//Hibernate/Hibernate Mapping DTD 3.0//EN"
    "http://www.hibernate.org/dtd/hibernate-mapping-3.0.dtd">
<hibernate-mapping>

    <class name="com.hgkj.model.entity.Tourist" table="tourist" schema="tour">
        <id name="touristId" column="touristID">
            <generator class="native"/>
        </id>
        <property name="IDCard" column="IDCard"/>
        <property name="tel" column="tel"/>
        <property name="realName" column="realName"/>
    </class>
</hibernate-mapping>