<?xml version='1.0' encoding='utf-8'?>
<!DOCTYPE hibernate-configuration PUBLIC
    "-//Hibernate/Hibernate Configuration DTD//EN"
    "http://www.hibernate.org/dtd/hibernate-configuration-3.0.dtd">
<hibernate-configuration>
  <session-factory>
    <property name="connection.url">jdbc:mysql://localhost:3306/WageManagement</property>
    <property name="connection.driver_class">com.mysql.jdbc.Driver</property>
      <mapping resource="xml/Attendance.hbm.xml"/>
      <mapping resource="xml/AttendanceLog.hbm.xml"/>
      <mapping resource="xml/Department.hbm.xml"/>
      <mapping resource="xml/Level.hbm.xml"/>
      <mapping resource="xml/Reward.hbm.xml"/>
      <mapping resource="xml/RewardLog.hbm.xml"/>
      <mapping resource="xml/Role.hbm.xml"/>
      <mapping resource="xml/SalaryLog.hbm.xml"/>
      <mapping resource="xml/Shop.hbm.xml"/>
      <mapping resource="xml/Staff.hbm.xml"/>
      <mapping resource="xml/Subsidy.hbm.xml"/>
      <mapping resource="xml/SubsidyLog.hbm.xml"/>
      <!-- <property name="connection.username"/> -->
    <!-- <property name="connection.password"/> -->

    <!-- DB schema will be updated if needed -->
    <!-- <property name="hbm2ddl.auto">update</property> -->
  </session-factory>
</hibernate-configuration>