<?xml version='1.0' encoding='utf-8'?>
<!DOCTYPE hibernate-mapping PUBLIC
    "-//Hibernate/Hibernate Mapping DTD 3.0//EN"
    "http://www.hibernate.org/dtd/hibernate-mapping-3.0.dtd">
<hibernate-mapping>

    <class name="com.tourism.model.entity.Picture" table="picture" schema="tourism">
        <id name="pictureId" column="pictureId">
            <generator class="native"/>
        </id>
        <property name="introduction" column="introduction"/>
        <property name="name" column="name"/>
   <many-to-one name="line" column="lineId" class="com.tourism.model.entity.Line" lazy="false" cascade="all"/>

    </class>
</hibernate-mapping>