<?xml version='1.0' encoding='utf-8'?>
<!DOCTYPE hibernate-mapping PUBLIC
    "-//Hibernate/Hibernate Mapping DTD 3.0//EN"
    "http://www.hibernate.org/dtd/hibernate-mapping-3.0.dtd">
<hibernate-mapping>

    <class name="com.hgkj.model.entity.Department" table="department" schema="wagemanagement">
        <id name="depId" column="dep_Id">
            <generator class="native"/>
        </id>
        <property name="depName" column="dep_Name"/>
        <!--<set name="staffSet"  inverse="true" lazy="false">-->
            <!--<key column="dep_Id"/>-->
            <!--<one-to-many class="com.hgkj.model.entity.Staff"/>-->
        <!--</set>-->
    </class>
</hibernate-mapping>