<?xml version='1.0' encoding='utf-8'?>
<!DOCTYPE hibernate-mapping PUBLIC
    "-//Hibernate/Hibernate Mapping DTD 3.0//EN"
    "http://www.hibernate.org/dtd/hibernate-mapping-3.0.dtd">
<hibernate-mapping>

    <class name="com.hgkj.model.entity.Level" table="level" schema="wagemanagement">
        <id name="levelId" column="level_Id"/>
        <property name="levelName" column="level_Name"/>
        <property name="levelPrice" column="level_Price"/>
        <!--<set name="staffSet" lazy="false" inverse="true">-->
            <!--<key column="level_Id"/>-->
            <!--<one-to-many class="com.hgkj.model.entity.Staff"/>-->
        <!--</set>-->
    </class>
</hibernate-mapping>