<?xml version='1.0' encoding='utf-8'?>
<!DOCTYPE hibernate-mapping PUBLIC
    "-//Hibernate/Hibernate Mapping DTD 3.0//EN"
    "http://www.hibernate.org/dtd/hibernate-mapping-3.0.dtd">
<hibernate-mapping>

    <class name="com.hgkj.model.entity.Role" table="role" schema="wagemanagement">
        <id name="roleId" column="Role_Id"/>
        <property name="roleName" column="role_Name"/>
        <!--<set name="staffSet" inverse="true" lazy="false">-->
            <!--<key column="roles_Id"/>-->
            <!--<one-to-many class="com.hgkj.model.entity.Staff"/>-->
        <!--</set>-->
    </class>
</hibernate-mapping>