<?xml version='1.0' encoding='utf-8'?>
<!DOCTYPE hibernate-mapping PUBLIC
    "-//Hibernate/Hibernate Mapping DTD 3.0//EN"
    "http://www.hibernate.org/dtd/hibernate-mapping-3.0.dtd">
<hibernate-mapping>

    <class name="com.hgkj.model.entity.Staff" table="staff" schema="wagemanagement">
        <id name="staffId" column="staffId">
            <generator class="native"/>
        </id>

        <property name="staffName" column="staffName"/>
        <property name="staffPwd" column="staffPwd"/>
        <property name="staffSex" column="staffSex"/>
        <property name="staffAddress" column="staffAddress"/>
        <property name="staffTel" column="staffTel"/>
        <property name="staffEmail" column="staffEmail"/>
        <property name="staffState" column="staffState"/>

        <!--<many-to-one name="department" lazy="false" class="com.hgkj.model.entity.Department" column="dep_Id" />-->
        <!--<many-to-one name="level" lazy="false" class="com.hgkj.model.entity.Level" column="level_Id" />-->
        <!--<many-to-one name="role" lazy="false" class="com.hgkj.model.entity.Role" column="roles_Id" />-->
        <!--<many-to-one name="shop" lazy="false" class="com.hgkj.model.entity.Shop" column="shop_Id" />-->

    </class>
</hibernate-mapping>