<?xml version='1.0' encoding='utf-8'?>
<!DOCTYPE hibernate-mapping PUBLIC
    "-//Hibernate/Hibernate Mapping DTD 3.0//EN"
    "http://www.hibernate.org/dtd/hibernate-mapping-3.0.dtd">
<hibernate-mapping>

    <class name="com.hgkj.model.entity.Staff" table="staff" schema="wagemanagement">
        <id name="staffId" column="staffId"/>
        <property name="staffName" column="staffName"/>
        <property name="staffPwd" column="staffPwd"/>
        <property name="staffSex" column="staffSex"/>
        <property name="staffAddress" column="staffAddress"/>
        <property name="staffTel" column="staffTel"/>
        <property name="staffEmail" column="staffEmail"/>
        <property name="staffState" column="staffState"/>
        <many-to-one name="department" class="com.hgkj.model.entity.Department"  column="dep_Id" lazy="false"></many-to-one>
        <many-to-one name="role" class="com.hgkj.model.entity.Role" column="roles_Id" lazy="false"></many-to-one>
        <many-to-one name="level" class="com.hgkj.model.entity.Level" column="level_Id" lazy="false"></many-to-one>
        <many-to-one name="shop" class="com.hgkj.model.entity.Shop" lazy="false" column="shop_Id"></many-to-one>
    </class>
</hibernate-mapping>