<?xml version='1.0' encoding='utf-8'?>
<!DOCTYPE hibernate-mapping PUBLIC
    "-//Hibernate/Hibernate Mapping DTD 3.0//EN"
    "http://www.hibernate.org/dtd/hibernate-mapping-3.0.dtd">
<hibernate-mapping>

    <class name="com.hgkj.model.entity.SubsidyLog" table="subsidy_log" schema="wagemanagement">
        <id name="stblogId" column="stblog_Id"/>
        <property name="subsidyMoney" column="subsidy_Money"/>
        <property name="sublogTime" column="sublog_Time"/>
        <many-to-one name="staff" class="com.hgkj.model.entity.Staff" column="staff_Id" lazy="false"></many-to-one>
        <many-to-one name="subsidy" class="com.hgkj.model.entity.Subsidy" column="sunsidy_Id" lazy="false"></many-to-one>
    </class>
</hibernate-mapping>