<?xml version='1.0' encoding='utf-8'?>
<!DOCTYPE hibernate-mapping PUBLIC
    "-//Hibernate/Hibernate Mapping DTD 3.0//EN"
    "http://www.hibernate.org/dtd/hibernate-mapping-3.0.dtd">
<hibernate-mapping>

    <class lazy="false"    name="com.workmoney.model.entity.AttendanceLog" table="attendance_log" schema="management">
        <id name="attenlogId" column="attenlog_Id">
            <generator class="native"/>
        </id>
        <property name="attlogCount" column="attlog_Count"/>
        <property name="attlogTime" column="attlog_Time"/>
        <!--<one-to-one  name="attendance" class="com.workmoney.model.entity.Attendance"/>-->
        <!--<one-to-one  name="staff" class="com.workmoney.model.entity.Staff" />-->
        <many-to-one  name="attendance" column="att_Id"  lazy="false" class="com.workmoney.model.entity.Attendance"/>
        <many-to-one  name="staff"  column="staff_Id" class="com.workmoney.model.entity.Staff"
                     lazy="false"

        />
     </class>
</hibernate-mapping>