<?xml version='1.0' encoding='utf-8'?>
<!DOCTYPE hibernate-mapping PUBLIC
    "-//Hibernate/Hibernate Mapping DTD 3.0//EN"
    "http://www.hibernate.org/dtd/hibernate-mapping-3.0.dtd">
<hibernate-mapping>

    <class name="com.workmoney.model.entity.Shop" table="shop" schema="management">
        <id name="shopId" column="shop_Id"/>
        <property name="shopName" column="shop_Name"/>
        <property name="shopAddress" column="shop_Address"/>
        <property name="shopState" column="shop_state"/>
        <property name="shopSupervisor" column="shop_supervisor"/>
        <property name="shopRemark" column="shop_remark"/>
    </class>
</hibernate-mapping>