<?xml version='1.0' encoding='utf-8'?>
<!DOCTYPE hibernate-mapping PUBLIC
    "-//Hibernate/Hibernate Mapping DTD 3.0//EN"
    "http://www.hibernate.org/dtd/hibernate-mapping-3.0.dtd">
<hibernate-mapping>

    <class    name="com.workmoney.model.entity.Staff" table="staff" schema="management">
        <id name="staffId" column="staffId"/>
        <property name="staffName" column="staffName"/>
        <property name="staffPwd" column="staffPwd"/>
        <property name="staffSex" column="staffSex"/>
        <property name="staffAddress" column="staffAddress"/>
        <property name="staffTel" column="staffTel"/>
        <property name="staffEmail" column="staffEmail"/>
        <property name="staffState" column="staffState"/>
        <property name="levelId" column="level_Id"/>
        <property name="rolesId" column="roles_Id"/>
        <property name="depId" column="dep_Id"/>
        <property name="shopId" column="shop_Id"/>


        <!--<one-to-one name="department"  class="com.workmoney.model.entity.Department"/>-->

        <one-to-one name="level" class="com.workmoney.model.entity.Level"/>
        <!--<one-to-one name="role" class="com.workmoney.model.entity.Role"/>-->
        <many-to-one name="role" insert="false" update="false" column="roles_Id" class="com.workmoney.model.entity.Role" lazy="false"/>
        <one-to-one name="shop" class="com.workmoney.model.entity.Shop"/>

        <one-to-one name="salaryLog" class="com.workmoney.model.entity.SalaryLog"/>

        <many-to-one insert="false" update="false" name="department" lazy="false" column="dep_Id" class="com.workmoney.model.entity.Department"/>



    </class>
</hibernate-mapping>