<?xml version='1.0' encoding='utf-8'?>
<!DOCTYPE hibernate-mapping PUBLIC
    "-//Hibernate/Hibernate Mapping DTD 3.0//EN"
    "http://www.hibernate.org/dtd/hibernate-mapping-3.0.dtd">
<hibernate-mapping>

    <class  name="com.workmoney.model.entity.StaffFuBen" table="staff" schema="management">
        <id name="staffId" column="staffId"/>
        <property name="staffName" column="staffName"/>
        <property name="staffPwd" column="staffPwd"/>
        <property name="staffSex" column="staffSex"/>
        <property name="staffAddress" column="staffAddress"/>
        <property name="staffTel" column="staffTel"/>
        <property name="staffEmail" column="staffEmail"/>
        <property name="staffState" column="staffState"/>

        <!--<one-to-one name="department"  class="com.workmoney.model.entity.Department"/>-->
        <one-to-one name="level" class="com.workmoney.model.entity.Level"/>
        <many-to-one name="role"  column="roles_Id" class="com.workmoney.model.entity.Role" lazy="false"/>
        <one-to-one name="shop" class="com.workmoney.model.entity.Shop"/>
        <one-to-one name="salaryLog" class="com.workmoney.model.entity.SalaryLog"/>
        <many-to-one name="department" lazy="false" column="dep_Id" class="com.workmoney.model.entity.Department"/>



    </class>
</hibernate-mapping>