<?xml version='1.0' encoding='utf-8'?>
<!DOCTYPE hibernate-mapping PUBLIC
    "-//Hibernate/Hibernate Mapping DTD 3.0//EN"
    "http://www.hibernate.org/dtd/hibernate-mapping-3.0.dtd">
<hibernate-mapping>

    <class name="com.workmoney.model.entity.SubsidyLog" table="subsidy_log" schema="management">
        <id name="stblogId" column="stblog_Id">
            <generator class="native"/>
        </id>
        <!--<property name="staffId" column="staff_Id"/>-->
        <!--<property name="sunsidyId" column="sunsidy_Id"/>-->
        <property name="subsidyMoney" column="subsidy_Money"/>
        <property name="sublogTime" column="sublog_Time"/>

        <many-to-one name="staff"  column="staff_Id" class="com.workmoney.model.entity.Staff"
                     lazy="false"
        />

        <many-to-one name="subsidy"  column="sunsidy_Id" class="com.workmoney.model.entity.Subsidy"
           lazy="false"
        />

    </class>
</hibernate-mapping>